{"mean":{"confidence_interval":{"confidence_level":0.95,"lower_bound":8202143740.72175,"upper_bound":8227489284.07},"point_estimate":8214501974.25,"standard_error":6468771.606036233},"median":{"confidence_interval":{"confidence_level":0.95,"lower_bound":8186673513.0,"upper_bound":8209348084.0},"point_estimate":8197570638.5,"standard_error":6232665.902027406},"median_abs_dev":{"confidence_interval":{"confidence_level":0.95,"lower_bound":42979877.15625465,"upper_bound":71759350.97801682},"point_estimate":58831956.16542399,"standard_error":7178972.233522438},"slope":null,"std_dev":{"confidence_interval":{"confidence_level":0.95,"lower_bound":55413174.0927055,"upper_bound":73182731.44534525},"point_estimate":65108954.64332681,"standard_error":4534248.7592853075}}