{"mean":{"confidence_interval":{"confidence_level":0.95,"lower_bound":10766045.948550003,"upper_bound":10782033.904000003},"point_estimate":10773492.758,"standard_error":4080.897911916628},"median":{"confidence_interval":{"confidence_level":0.95,"lower_bound":10760137.0,"upper_bound":10771385.7},"point_estimate":10766010.0,"standard_error":2522.079700269324},"median_abs_dev":{"confidence_interval":{"confidence_level":0.95,"lower_bound":19435.551314949436,"upper_bound":32770.9450381997},"point_estimate":25231.627652049065,"standard_error":3411.873532047679},"slope":null,"std_dev":{"confidence_interval":{"confidence_level":0.95,"lower_bound":27075.0942690758,"upper_bound":55702.88974828159},"point_estimate":41029.37237682046,"standard_error":7649.403742491757}}