{"mean":{"confidence_interval":{"confidence_level":0.95,"lower_bound":-0.5683710678865901,"upper_bound":-0.551565987692474},"point_estimate":-0.5599195622479455,"standard_error":0.004267183064442785},"median":{"confidence_interval":{"confidence_level":0.95,"lower_bound":-0.5646872085738069,"upper_bound":-0.5549291211345964},"point_estimate":-0.5595331724392868,"standard_error":0.0025034945476668535}}