{"mean":{"confidence_interval":{"confidence_level":0.95,"lower_bound":133.81644362320117,"upper_bound":134.55365805981884},"point_estimate":134.1755250414186,"standard_error":0.18832831201735573},"median":{"confidence_interval":{"confidence_level":0.95,"lower_bound":133.69725705147135,"upper_bound":134.3250618163195},"point_estimate":133.93627567677868,"standard_error":0.14703676005023186},"median_abs_dev":{"confidence_interval":{"confidence_level":0.95,"lower_bound":1.2089595503636308,"upper_bound":1.9708672405462075},"point_estimate":1.566431790317845,"standard_error":0.19331805456526355},"slope":{"confidence_interval":{"confidence_level":0.95,"lower_bound":134.0191920704173,"upper_bound":134.99396162065702},"point_estimate":134.47806630467215,"standard_error":0.24872134935408702},"std_dev":{"confidence_interval":{"confidence_level":0.95,"lower_bound":1.53180001434322,"upper_bound":2.230518972385588},"point_estimate":1.8974423033847707,"standard_error":0.17876374967653916}}