{"mean":{"confidence_interval":{"confidence_level":0.95,"lower_bound":-0.4834661699026265,"upper_bound":-0.465132341667732},"point_estimate":-0.47394160571842014,"standard_error":0.004672665215925294},"median":{"confidence_interval":{"confidence_level":0.95,"lower_bound":-0.4771220604847948,"upper_bound":-0.457060601544637},"point_estimate":-0.4639860420871119,"standard_error":0.004884397147933524}}