{"mean":{"confidence_interval":{"confidence_level":0.95,"lower_bound":113919.27192001825,"upper_bound":114462.40469429553},"point_estimate":114179.14963753316,"standard_error":139.1623372858908},"median":{"confidence_interval":{"confidence_level":0.95,"lower_bound":113780.80103359174,"upper_bound":114289.57264957266},"point_estimate":113987.23958333334,"standard_error":127.72545564801273},"median_abs_dev":{"confidence_interval":{"confidence_level":0.95,"lower_bound":735.1461988799634,"upper_bound":1246.7915927718502},"point_estimate":991.892926019943,"standard_error":128.9800004730902},"slope":{"confidence_interval":{"confidence_level":0.95,"lower_bound":113806.96500976909,"upper_bound":114259.59142868806},"point_estimate":114026.28070866788,"standard_error":115.38996944769006},"std_dev":{"confidence_interval":{"confidence_level":0.95,"lower_bound":1030.7327159151291,"upper_bound":1788.2404273074449},"point_estimate":1402.3479164614052,"standard_error":198.20176086908822}}