{"mean":{"confidence_interval":{"confidence_level":0.95,"lower_bound":96163183.5085,"upper_bound":96362412.079},"point_estimate":96254590.9,"standard_error":50866.59923183265},"median":{"confidence_interval":{"confidence_level":0.95,"lower_bound":96048096.0,"upper_bound":96116971.0},"point_estimate":96090499.0,"standard_error":16910.525110979605},"median_abs_dev":{"confidence_interval":{"confidence_level":0.95,"lower_bound":129869.08599436283,"upper_bound":235187.7990245819},"point_estimate":180439.82979655266,"standard_error":26044.11656090381},"slope":null,"std_dev":{"confidence_interval":{"confidence_level":0.95,"lower_bound":325086.1761992629,"upper_bound":700400.4739366611},"point_estimate":509125.506409805,"standard_error":102080.44398954546}}