{"mean":{"confidence_interval":{"confidence_level":0.95,"lower_bound":-0.00821887127829887,"upper_bound":0.005996786673980398},"point_estimate":-0.0023377654457280572,"standard_error":0.003631195149427201},"median":{"confidence_interval":{"confidence_level":0.95,"lower_bound":-0.010587120007173656,"upper_bound":-0.0026037717610150057},"point_estimate":-0.0063295218890629945,"standard_error":0.001956997151999889}}