{"mean":{"confidence_interval":{"confidence_level":0.95,"lower_bound":61692524.796,"upper_bound":61867297.35},"point_estimate":61768549.58,"standard_error":45136.031372423866},"median":{"confidence_interval":{"confidence_level":0.95,"lower_bound":61629473.5,"upper_bound":61679365.0},"point_estimate":61647626.0,"standard_error":11574.79755800333},"median_abs_dev":{"confidence_interval":{"confidence_level":0.95,"lower_bound":60253.60423028469,"upper_bound":111377.35782265663},"point_estimate":83995.96020877361,"standard_error":13709.318222360766},"slope":null,"std_dev":{"confidence_interval":{"confidence_level":0.95,"lower_bound":187879.31044592956,"upper_bound":681965.9792132798},"point_estimate":453443.378529855,"standard_error":130046.3776917491}}