{"mean":{"confidence_interval":{"confidence_level":0.95,"lower_bound":-0.6071459332331806,"upper_bound":-0.6044322189958163},"point_estimate":-0.6057798401934568,"standard_error":0.0007108925692616849},"median":{"confidence_interval":{"confidence_level":0.95,"lower_bound":-0.6084367665098557,"upper_bound":-0.6051465675573944},"point_estimate":-0.6068734708592045,"standard_error":0.000780525120222349}}