{"mean":{"confidence_interval":{"confidence_level":0.95,"lower_bound":-0.1795518642979204,"upper_bound":-0.17427730524851068},"point_estimate":-0.17705492353520347,"standard_error":0.0013369710615449815},"median":{"confidence_interval":{"confidence_level":0.95,"lower_bound":-0.18087444178241407,"upper_bound":-0.17889328184474618},"point_estimate":-0.17952512549178123,"standard_error":0.00048776540804503605}}