{"mean":{"confidence_interval":{"confidence_level":0.95,"lower_bound":615818332.45,"upper_bound":617109601.875},"point_estimate":616443907.0,"standard_error":329674.545798177},"median":{"confidence_interval":{"confidence_level":0.95,"lower_bound":615277200.0,"upper_bound":616497900.0},"point_estimate":615794000.0,"standard_error":328444.41877527366},"median_abs_dev":{"confidence_interval":{"confidence_level":0.95,"lower_bound":1640856.4013689766,"upper_bound":2895147.0986008644},"point_estimate":2351996.5982437134,"standard_error":313239.07753605087},"slope":null,"std_dev":{"confidence_interval":{"confidence_level":0.95,"lower_bound":2565162.362694415,"upper_bound":3938046.7619143967},"point_estimate":3300002.220025424,"standard_error":350308.931292151}}