{"mean":{"confidence_interval":{"confidence_level":0.95,"lower_bound":933976111.0,"upper_bound":938031935.15},"point_estimate":935775231.0,"standard_error":1041967.9923068028},"median":{"confidence_interval":{"confidence_level":0.95,"lower_bound":932573400.0,"upper_bound":933874200.0},"point_estimate":933158950.0,"standard_error":291301.32647022564},"median_abs_dev":{"confidence_interval":{"confidence_level":0.95,"lower_bound":1681390.6846493506,"upper_bound":2921018.468141556},"point_estimate":2179347.8313088417,"standard_error":310347.17602674314},"slope":null,"std_dev":{"confidence_interval":{"confidence_level":0.95,"lower_bound":4550602.843400935,"upper_bound":15407603.493192205},"point_estimate":10552959.368292248,"standard_error":2813011.2728365287}}