{"mean":{"confidence_interval":{"confidence_level":0.95,"lower_bound":-0.059718060625348464,"upper_bound":-0.051765841159617874},"point_estimate":-0.05608261051462682,"standard_error":0.0020548086833903907},"median":{"confidence_interval":{"confidence_level":0.95,"lower_bound":-0.05761452511496945,"upper_bound":-0.05346500748113692},"point_estimate":-0.05544458212789993,"standard_error":0.0010594206451602114}}