{"mean":{"confidence_interval":{"confidence_level":0.95,"lower_bound":6550918.7375,"upper_bound":7258789.125},"point_estimate":6846009.0,"standard_error":184761.12730805372},"median":{"confidence_interval":{"confidence_level":0.95,"lower_bound":6347200.0,"upper_bound":6468000.0},"point_estimate":6397493.75,"standard_error":30399.557719313892},"median_abs_dev":{"confidence_interval":{"confidence_level":0.95,"lower_bound":190050.7841259241,"upper_bound":346011.03510707617},"point_estimate":256332.26919919252,"standard_error":39407.62987161931},"slope":null,"std_dev":{"confidence_interval":{"confidence_level":0.95,"lower_bound":689164.9106001698,"upper_bound":2942391.135073159},"point_estimate":1859048.9557199697,"standard_error":685921.3133183629}}