{"mean":{"confidence_interval":{"confidence_level":0.95,"lower_bound":0.0035952655687663494,"upper_bound":0.017485330033829165},"point_estimate":0.010046495890121632,"standard_error":0.003615885008394359},"median":{"confidence_interval":{"confidence_level":0.95,"lower_bound":-0.004231567791531665,"upper_bound":0.01450890899273416},"point_estimate":0.006385806273487837,"standard_error":0.005368256245852658}}