{"mean":{"confidence_interval":{"confidence_level":0.95,"lower_bound":81897687.975,"upper_bound":82358917.0},"point_estimate":82120950.0,"standard_error":117790.53031995035},"median":{"confidence_interval":{"confidence_level":0.95,"lower_bound":81746100.0,"upper_bound":82240900.0},"point_estimate":81992600.0,"standard_error":146028.25751178706},"median_abs_dev":{"confidence_interval":{"confidence_level":0.95,"lower_bound":699490.6675815582,"upper_bound":1161617.0793771744},"point_estimate":933444.9434280396,"standard_error":118798.16268145958},"slope":null,"std_dev":{"confidence_interval":{"confidence_level":0.95,"lower_bound":912316.0649620716,"upper_bound":1476334.2224597728},"point_estimate":1186810.3133605598,"standard_error":146873.08236659726}}