{"mean":{"confidence_interval":{"confidence_level":0.95,"lower_bound":-0.004397353978039219,"upper_bound":0.026955861821368925},"point_estimate":0.010047400739965795,"standard_error":0.007965270061103012},"median":{"confidence_interval":{"confidence_level":0.95,"lower_bound":0.005291927118578066,"upper_bound":0.01215707879922756},"point_estimate":0.008662795977369742,"standard_error":0.0017323968392727238}}