{"mean":{"confidence_interval":{"confidence_level":0.95,"lower_bound":0.011435569763643311,"upper_bound":0.02521343541375691},"point_estimate":0.018292843249664514,"standard_error":0.003494159852727613},"median":{"confidence_interval":{"confidence_level":0.95,"lower_bound":0.016206626953803482,"upper_bound":0.030332112494320426},"point_estimate":0.021917224118044087,"standard_error":0.0036367230765234565}}