{"mean":{"confidence_interval":{"confidence_level":0.95,"lower_bound":-0.0024416300052169655,"upper_bound":0.011038196621784443},"point_estimate":0.004108749559431635,"standard_error":0.003430722814751759},"median":{"confidence_interval":{"confidence_level":0.95,"lower_bound":-0.0003625652471651586,"upper_bound":0.0049597651639023965},"point_estimate":0.0020875478324440255,"standard_error":0.0012413224882514792}}