{"mean":{"confidence_interval":{"confidence_level":0.95,"lower_bound":-0.6048017127438025,"upper_bound":-0.602031541524872},"point_estimate":-0.6034225577057782,"standard_error":0.0007080039383998085},"median":{"confidence_interval":{"confidence_level":0.95,"lower_bound":-0.6042397535572747,"upper_bound":-0.603593036161904},"point_estimate":-0.6039565218515226,"standard_error":0.00016007590386635706}}