{"mean":{"confidence_interval":{"confidence_level":0.95,"lower_bound":-0.009485260007933632,"upper_bound":0.0015954221980314393},"point_estimate":-0.004403205224304152,"standard_error":0.002833386900934325},"median":{"confidence_interval":{"confidence_level":0.95,"lower_bound":-0.012080916537662079,"upper_bound":-0.003252430720335431},"point_estimate":-0.00664377982379083,"standard_error":0.0024645170723085383}}