{"mean":{"confidence_interval":{"confidence_level":0.95,"lower_bound":-0.023816806468494336,"upper_bound":-0.018326136330824486},"point_estimate":-0.02099002496913316,"standard_error":0.001378691455639535},"median":{"confidence_interval":{"confidence_level":0.95,"lower_bound":-0.02477232476119684,"upper_bound":-0.02004190266438799},"point_estimate":-0.021931522554620497,"standard_error":0.0012441596337748673}}