{"mean":{"confidence_interval":{"confidence_level":0.95,"lower_bound":-0.08505358870912504,"upper_bound":-0.05646148599777537},"point_estimate":-0.07046595942840328,"standard_error":0.007344484787661438},"median":{"confidence_interval":{"confidence_level":0.95,"lower_bound":-0.06673173333187399,"upper_bound":-0.049426441144858835},"point_estimate":-0.055208056269205,"standard_error":0.004214725041556469}}