{"mean":{"confidence_interval":{"confidence_level":0.95,"lower_bound":-0.0626507018729656,"upper_bound":-0.013998088139196896},"point_estimate":-0.03664406011629384,"standard_error":0.012438046270100377},"median":{"confidence_interval":{"confidence_level":0.95,"lower_bound":-0.02598312481280307,"upper_bound":0.017233630088569152},"point_estimate":-0.0037435372715808324,"standard_error":0.011190003902766572}}