{"mean":{"confidence_interval":{"confidence_level":0.95,"lower_bound":2972967.365514705,"upper_bound":2991398.919970588},"point_estimate":2981428.4905882357,"standard_error":4729.073821617211},"median":{"confidence_interval":{"confidence_level":0.95,"lower_bound":2962991.6470588236,"upper_bound":2970037.294117647},"point_estimate":2968195.7647058824,"standard_error":1695.7016313103113},"median_abs_dev":{"confidence_interval":{"confidence_level":0.95,"lower_bound":9827.457531410268,"upper_bound":17824.4273659063},"point_estimate":13798.427137381748,"standard_error":2106.5679880253742},"slope":null,"std_dev":{"confidence_interval":{"confidence_level":0.95,"lower_bound":28282.862985502226,"upper_bound":63007.85607765034},"point_estimate":47264.49526944887,"standard_error":8908.19801372214}}